{
    "translation": [
        0.1,
        -0.1,
        0.06
    ],
    "rotation": [
        0,
        0,
        0
    ],
    "scaling_factor": 100,
    "transformation_matrix": [
        [
            -0.9879159395395001,
            -0.1493088909455678,
            0.0415806624332896,
            0.34065497948847445
        ],
        [
            0.030439930591250202,
            0.07614107019092556,
            0.9966323033374849,
            -0.23172390180979832
        ],
        [
            -0.15197206002876487,
            0.985854650805475,
            -0.07067602461817162,
            -0.9448588351069964
        ],
        [
            0.0,
            0.0,
            0.0,
            1.0
        ]
    ]
}