{
    "translation": [
        0.4,
        0.4000000000000001,
        0.19999999999999996
    ],
    "rotation": [
        -7.749999999999981,
        3.149999999999997,
        0.7
    ],
    "scaling_factor": 830,
    "transformation_matrix": [
        [
            -0.7648151565924077,
            0.6441949195998355,
            -0.00840724736714551,
            -0.049929544270457926
        ],
        [
            0.07326164719655774,
            0.07399945928718683,
            -0.9945636284699191,
            -0.14000828310048594
        ],
        [
            -0.6400707049198378,
            -0.7612732660398404,
            -0.10379068896802131,
            -0.5812957261774755
        ],
        [
            0.0,
            0.0,
            0.0,
            1.0
        ]
    ]
}