{
    "translation": [
        0.0,
        0.0,
        0.0
    ],
    "rotation": [
        1.3500000000000005,
        -3.1999999999999966,
        0.65
    ],
    "scaling_factor": 890,
    "transformation_matrix": [
        [
            -0.7947262971863652,
            0.6041544272282922,
            0.05837414342757654,
            0.0
        ],
        [
            0.17788242683661662,
            0.13987806403690198,
            0.9740595307392685,
            0.0
        ],
        [
            0.58031711570758,
            0.7844944584009135,
            -0.2186332315890991,
            0.0
        ],
        [
            0.0,
            0.0,
            0.0,
            1.0
        ]
    ]
}